단어,포함된 문장
간첩활동,"美국방부 ""北, 사이버공간서 악의적 범죄·간첩활동…美에 위협"""
간첩활동,"美국방부 ""北, 사이버공간서 악의적 범죄·간첩활동…美에 위협"""
간첩활동,"美국방부 ""北, 사이버공간서 악의적 범죄·간첩활동…美에 위협"""
고소당,"""시험때 뒤돌아본 학생에 '넌 0점'""…대전 교사가 고소당한 이유"
고퀄스,‘고퀄스’ 부활투…KT 2위 지켜냈다
고퀄스,‘고퀄스’ 부활투…KT 2위 지켜냈다
고퀄스,‘고퀄스’ 부활투…KT 2위 지켜냈다
공식만찬,"김정은, 공식만찬서 ""위대한 러시아 승리"" 건배사"
국힘,"국힘 ""허위 인터뷰 조직적 가담"" 민주 ""채 상병 사건은 국정농단"""
국힘,"민주 ""구태·한심·막말 인사"" vs 국힘 ""우수한 인재"""
근원물,미국 소비자물가 3.7% 상승…근원물가는 둔화세 이어가
김건희법,개 식용 금지 ‘김건희법’…날선 여론에 국민의힘 ‘난감’
김건희법,與 박대출 ‘김건희법’ 해시태그 달며 “개 식용 금지법 추진 입장 변함없어”
김건희법,"與박대출, '김건희법' 논란에 ""美에 영부인 이름 붙인 법 있어"""
내세운,"[사설] ‘싸움꾼’ 전면 내세운 돌려막기, 개악된 개각"
노동규제,김기문 中企회장 “노동규제 99% 입법 사항”
당대표실,당대표실로 들어간 이재명 단식
당대표실,천막 떠나 당대표실서 단식…“이재명 죽는다” 구급차 소동
동의안,[씨박스] 길어지는 단식…체포동의안 부결론 부상
둔화세,미국 소비자물가 3.7% 상승…근원물가는 둔화세 이어가
산청세계전통의약항노화엑스포,‘산청세계전통의약항노화엑스포’ 15일 화려한 개막
생성형,더 똑똑해지는 모빌리티… ‘생성형 AI’ 투자 총력전
안보공백,국방장관에 신원식…안보공백 우려에 '선 차관 후 장관'까지 검토
알포드,"알포드 결승타·고영표 호투…KT, NC에 역전승"
알포드,"알포드 결승타·고영표 호투…KT, NC에 역전승"
연필사건,"서이초 ‘연필사건’ 학부모, 누리꾼 무더기 고소"
연필사건,"서이초 ‘연필사건’ 학부모, 누리꾼 무더기 고소"
연필사건,"서이초 ‘연필사건’ 학부모, 누리꾼 무더기 고소"
연필사건,"서이초 '연필사건' 학부모, 악성댓글 네티즌 26명 무더기 고소"
연필사건,"서이초 연필사건 학부모, 누리꾼 무더기 고소"
영끌족,“집값 바닥 쳤다” 돌아온 영끌족… 가계빚 5개월 연속 증가
영끌족,가계대출 최대폭 증가‥'영끌족 막아라' 대출 문턱 높인 정부
윤대통령,윤대통령 추가 개각 단행…국방·문체·여가 장관 지명
일반차량,“연세로 일반차량 다니자 매출 22% 늘어”
주식먹튀,"민생法 '실손청구 간소화·주식먹튀 방지', 18일 법사위 재논의"
주요언론,"美 주요언론, 북러정상회담 평가 ""왕따·부랑아들의 만남"""
진상규명위,군사망사고진상규명위 5년간 1787건 조사
진실화해위,"""이름 같다"" 월북 가족 사찰…진실화해위 진상규명 결정"
최명관,최명관 동해시의회 부의장 오늘 작고
클린스만호,클린스만호 첫 승 신고했지만…엇갈린 한일 축구 성적표
클린스만호,클린스만호 첫 승 신고했지만…엇갈린 한일 축구 성적표
클린스만호,클린스만호 첫 승 신고했지만…엇갈린 한일 축구 성적표
클린스만호,"클린스만호, 5전 6기 끝에 '첫 승'…'월클' 손흥민·김민재 빛났다"
평산책방,"[여랑야랑]“유인촌, 구한말 인사” / 평산책방 옆에 책빵 / 단식 선배들의 조언"
평산책방,"[여랑야랑]“유인촌, 구한말 인사” / 평산책방 옆에 책빵 / 단식 선배들의 조언"
평산책방,"[여랑야랑]“유인촌, 구한말 인사” / 평산책방 옆에 책빵 / 단식 선배들의 조언"
필향만리,[김병기 ‘필향만리’] 過也各於其黨(과야각어기당)
한국도박문제예방치유원,"한국도박문제예방치유원, '청소년 도박문제 예방영화 시사회 성료'"
한국도박문제예방치유원,"한국도박문제예방치유원, '청소년 도박문제 예방영화 시사회 성료'"
